roc_auc,pr_auc,brier_score,accuracy,precision,recall,f1,threshold,business_score
0.842900875765326,0.653878092576806,0.13658931851387024,0.6281050390347764,0.4115566037735849,0.9331550802139037,0.5711947626841244,0.1,0.7505956134597922
0.842900875765326,0.653878092576806,0.13658931851387024,0.6430092264017033,0.42162818955042525,0.9278074866310161,0.5797827903091061,0.11,0.7506447326528093
0.842900875765326,0.653878092576806,0.13658931851387024,0.6515259048970902,0.42714819427148193,0.9171122994652406,0.5828377230246389,0.12,0.7456248626474251
0.842900875765326,0.653878092576806,0.13658931851387024,0.6635911994322214,0.4358974358974359,0.9090909090909091,0.5892547660311959,0.13,0.7434731934731935
0.842900875765326,0.653878092576806,0.13658931851387024,0.6749467707594038,0.4445910290237467,0.9010695187165776,0.5954063604240283,0.13999999999999999,0.7413020473240868
0.842900875765326,0.653878092576806,0.13658931851387024,0.6827537260468417,0.45100671140939597,0.8983957219251337,0.6005361930294906,0.14999999999999997,0.7418095682446255
0.842900875765326,0.653878092576806,0.13658931851387024,0.687721788502484,0.45454545454545453,0.8823529411764706,0.6,0.15999999999999998,0.7326203208556149
0.842900875765326,0.653878092576806,0.13658931851387024,0.6969481902058198,0.4625176803394625,0.8743315508021391,0.6049953746530989,0.16999999999999998,0.7301966961402022
0.842900875765326,0.653878092576806,0.13658931851387024,0.7033356990773598,0.4680232558139535,0.8609625668449198,0.6064030131826742,0.17999999999999997,0.7234338079840816
0.842900875765326,0.653878092576806,0.13658931851387024,0.709013484740951,0.4732937685459941,0.8529411764705882,0.6087786259541985,0.18999999999999995,0.7200645836969803
0.842900875765326,0.653878092576806,0.13658931851387024,0.71611071682044,0.48042168674698793,0.8529411764705882,0.6146435452793835,0.19999999999999996,0.7225593550673282
0.842900875765326,0.653878092576806,0.13658931851387024,0.7196593328601846,0.4838709677419355,0.8422459893048129,0.6146341463414634,0.20999999999999996,0.7168147317578057
0.842900875765326,0.653878092576806,0.13658931851387024,0.7274662881476224,0.4921135646687697,0.8342245989304813,0.6190476190476191,0.21999999999999995,0.7144857369388822
0.842900875765326,0.653878092576806,0.13658931851387024,0.7324343506032647,0.49759229534510435,0.8288770053475936,0.6218655967903711,0.22999999999999995,0.7129273568467224
0.842900875765326,0.653878092576806,0.13658931851387024,0.7395315826827538,0.5057471264367817,0.8235294117647058,0.6266531027466938,0.23999999999999994,0.7123056118999324
0.842900875765326,0.653878092576806,0.13658931851387024,0.7501774308019872,0.5185185185185185,0.8235294117647058,0.6363636363636364,0.24999999999999992,0.7167755991285403
0.842900875765326,0.653878092576806,0.13658931851387024,0.7494677075940384,0.5180722891566265,0.8048128342245989,0.6303664921465969,0.2599999999999999,0.7044536434508086
0.842900875765326,0.653878092576806,0.13658931851387024,0.751596877217885,0.5211267605633803,0.7914438502673797,0.6284501061571125,0.2699999999999999,0.69683286887098
0.842900875765326,0.653878092576806,0.13658931851387024,0.7544357700496807,0.525089605734767,0.7834224598930482,0.628755364806867,0.2799999999999999,0.6930059609376498
0.842900875765326,0.653878092576806,0.13658931851387024,0.7558552164655784,0.5273722627737226,0.7727272727272727,0.6268980477223427,0.2899999999999999,0.6868530192435303
0.842900875765326,0.653878092576806,0.13658931851387024,0.758694109297374,0.5315985130111525,0.7647058823529411,0.6271929824561403,0.29999999999999993,0.6831183030833151
0.842900875765326,0.653878092576806,0.13658931851387024,0.7608232789212207,0.5351043643263758,0.7540106951871658,0.6259711431742508,0.30999999999999994,0.6773934793858892
0.842900875765326,0.653878092576806,0.13658931851387024,0.7636621717530163,0.5398058252427185,0.7433155080213903,0.625421822272216,0.3199999999999999,0.6720871190488552
0.842900875765326,0.653878092576806,0.13658931851387024,0.7636621717530163,0.5404339250493096,0.732620320855615,0.6220204313280363,0.32999999999999985,0.6653550823234081
0.842900875765326,0.653878092576806,0.13658931851387024,0.7700496806245565,0.5504032258064516,0.7299465240641712,0.6275862068965518,0.33999999999999986,0.6671063696739693
0.842900875765326,0.653878092576806,0.13658931851387024,0.772888573456352,0.5569620253164557,0.7058823529411765,0.6226415094339622,0.34999999999999987,0.6537602382725243
0.842900875765326,0.653878092576806,0.13658931851387024,0.772888573456352,0.5584415584415584,0.6898395721925134,0.6172248803827751,0.3599999999999999,0.6438502673796791
0.842900875765326,0.653878092576806,0.13658931851387024,0.7785663591199432,0.5688888888888889,0.6844919786096256,0.6213592233009708,0.3699999999999999,0.6440308972073677
0.842900875765326,0.653878092576806,0.13658931851387024,0.7835344215755855,0.5782312925170068,0.6818181818181818,0.6257668711656442,0.3799999999999999,0.6455627705627706
0.842900875765326,0.653878092576806,0.13658931851387024,0.7856635911994322,0.5837209302325581,0.6711229946524064,0.6243781094527363,0.3899999999999999,0.6405322721054596
0.842900875765326,0.653878092576806,0.13658931851387024,0.7849538679914834,0.5851318944844125,0.6524064171122995,0.6169405815423514,0.3999999999999998,0.6288603341925391
0.842900875765326,0.653878092576806,0.13658931851387024,0.7899219304471257,0.5975,0.6390374331550802,0.6175710594315246,0.4099999999999998,0.6244993315508022
0.842900875765326,0.653878092576806,0.13658931851387024,0.7892122072391767,0.6,0.6176470588235294,0.6086956521739131,0.4199999999999998,0.6114705882352941
0.842900875765326,0.653878092576806,0.13658931851387024,0.7892122072391767,0.6026666666666667,0.6042780748663101,0.6034712950600801,0.4299999999999998,0.603714081996435
0.842900875765326,0.653878092576806,0.13658931851387024,0.7920511000709723,0.6115702479338843,0.5935828877005348,0.6024423337856174,0.43999999999999984,0.5998784637822071
0.842900875765326,0.653878092576806,0.13658931851387024,0.7934705464868701,0.6162464985994398,0.5882352941176471,0.6019151846785226,0.44999999999999984,0.5980392156862746
0.842900875765326,0.653878092576806,0.13658931851387024,0.7977288857345636,0.6289855072463768,0.5802139037433155,0.6036161335187761,0.45999999999999985,0.597283964969387
0.842900875765326,0.653878092576806,0.13658931851387024,0.794889992902768,0.6276276276276276,0.5588235294117647,0.5912305516265912,0.46999999999999986,0.5829049637873167
0.842900875765326,0.653878092576806,0.13658931851387024,0.7998580553584103,0.6428571428571429,0.553475935828877,0.5948275862068966,0.47999999999999976,0.58475935828877
0.842900875765326,0.653878092576806,0.13658931851387024,0.7970191625266146,0.6437908496732027,0.5267379679144385,0.5794117647058824,0.48999999999999977,0.5677064765300059
0.842900875765326,0.653878092576806,0.13658931851387024,0.7927608232789212,0.6394557823129252,0.5026737967914439,0.562874251497006,0.4999999999999998,0.5505474917239623
0.842900875765326,0.653878092576806,0.13658931851387024,0.7906316536550745,0.6366782006920415,0.4919786096256685,0.555052790346908,0.5099999999999998,0.542623466498899
0.842900875765326,0.653878092576806,0.13658931851387024,0.7934705464868701,0.6476868327402135,0.48663101604278075,0.5557251908396946,0.5199999999999998,0.5430005518868822
0.842900875765326,0.653878092576806,0.13658931851387024,0.7934705464868701,0.654275092936803,0.47058823529411764,0.5474339035769828,0.5299999999999998,0.5348786354690576
0.842900875765326,0.653878092576806,0.13658931851387024,0.7970191625266146,0.6746031746031746,0.45454545454545453,0.5431309904153354,0.5399999999999998,0.5315656565656566
0.842900875765326,0.653878092576806,0.13658931851387024,0.7984386089425124,0.6844262295081968,0.446524064171123,0.540453074433657,0.5499999999999998,0.5297898220390989
0.842900875765326,0.653878092576806,0.13658931851387024,0.8005677785663591,0.7030567685589519,0.4304812834224599,0.5339966832504146,0.5599999999999997,0.5258827032202321
0.842900875765326,0.653878092576806,0.13658931851387024,0.8005677785663591,0.7123287671232876,0.41711229946524064,0.5261382799325464,0.5699999999999997,0.5204380631455571
0.842900875765326,0.653878092576806,0.13658931851387024,0.8005677785663591,0.7246376811594203,0.40106951871657753,0.5163511187607573,0.5799999999999997,0.5143183755715725
0.842900875765326,0.653878092576806,0.13658931851387024,0.7955997161107168,0.7193877551020408,0.3770053475935829,0.49473684210526314,0.5899999999999997,0.49683919022154316
0.842900875765326,0.653878092576806,0.13658931851387024,0.7955997161107168,0.7311827956989247,0.36363636363636365,0.4857142857142857,0.5999999999999998,0.49227761485826005
0.842900875765326,0.653878092576806,0.13658931851387024,0.7920511000709723,0.7341040462427746,0.339572192513369,0.4643510054844607,0.6099999999999998,0.4776583413186609
0.842900875765326,0.653878092576806,0.13658931851387024,0.7927608232789212,0.7530864197530864,0.32620320855614976,0.4552238805970149,0.6199999999999998,0.4756123324750776
0.842900875765326,0.653878092576806,0.13658931851387024,0.7899219304471257,0.75,0.31283422459893045,0.44150943396226416,0.6299999999999997,0.4658422459893048
0.842900875765326,0.653878092576806,0.13658931851387024,0.7892122072391767,0.7583892617449665,0.30213903743315507,0.4321223709369025,0.6399999999999997,0.461826615942289
0.842900875765326,0.653878092576806,0.13658931851387024,0.7892122072391767,0.7692307692307693,0.29411764705882354,0.425531914893617,0.6499999999999997,0.46040723981900455
0.842900875765326,0.653878092576806,0.13658931851387024,0.7863733144073811,0.762589928057554,0.28342245989304815,0.41325536062378165,0.6599999999999997,0.4511310737506252
0.842900875765326,0.653878092576806,0.13658931851387024,0.7885024840312278,0.7794117647058824,0.28342245989304815,0.41568627450980394,0.6699999999999997,0.4570187165775401
0.842900875765326,0.653878092576806,0.13658931851387024,0.78708303761533,0.7803030303030303,0.27540106951871657,0.40711462450592883,0.6799999999999997,0.45211675579322635
0.842900875765326,0.653878092576806,0.13658931851387024,0.7835344215755855,0.7804878048780488,0.25668449197860965,0.386317907444668,0.6899999999999997,0.4400156514934133
0.842900875765326,0.653878092576806,0.13658931851387024,0.7835344215755855,0.7899159663865546,0.25133689839572193,0.3813387423935091,0.6999999999999996,0.43983957219251335
0.842900875765326,0.653878092576806,0.13658931851387024,0.7835344215755855,0.8,0.24598930481283424,0.37627811860940696,0.7099999999999996,0.43989304812834223
0.842900875765326,0.653878092576806,0.13658931851387024,0.7828246983676366,0.8148148148148148,0.23529411764705882,0.3651452282157676,0.7199999999999996,0.4381263616557734
0.842900875765326,0.653878092576806,0.13658931851387024,0.7799858055358411,0.82,0.2192513368983957,0.3459915611814346,0.7299999999999996,0.4295133689839572
0.842900875765326,0.653878092576806,0.13658931851387024,0.7778566359119943,0.8144329896907216,0.21122994652406418,0.3354564755838641,0.7399999999999997,0.4223510116323943
0.842900875765326,0.653878092576806,0.13658931851387024,0.7778566359119943,0.8279569892473119,0.20588235294117646,0.3297644539614561,0.7499999999999997,0.4236084756483238
0.842900875765326,0.653878092576806,0.13658931851387024,0.7750177430801988,0.8275862068965517,0.1925133689839572,0.3123644251626898,0.7599999999999997,0.41478886225336525
0.842900875765326,0.653878092576806,0.13658931851387024,0.7707594038325053,0.8148148148148148,0.17647058823529413,0.29010989010989013,0.7699999999999997,0.3998910675381263
0.842900875765326,0.653878092576806,0.13658931851387024,0.7672107877927609,0.8026315789473685,0.16310160427807488,0.27111111111111114,0.7799999999999997,0.3869370954123276
0.842900875765326,0.653878092576806,0.13658931851387024,0.7615330021291696,0.7794117647058824,0.14171122994652408,0.2398190045248869,0.7899999999999996,0.36490641711229943
0.842900875765326,0.653878092576806,0.13658931851387024,0.7579843860894251,0.7619047619047619,0.12834224598930483,0.21967963386727687,0.7999999999999996,0.35008912655971475
